<annotation>
  <folder>images</folder>
  <filename>000029.png</filename>
  <segmented>0</segmented>
  <size>
    <width>299</width>
    <height>168</height>
    <depth>3</depth>
  </size>
  <object>
    <name>Matt_Damon</name>
    <pose>Unspecified</pose>
    <truncated>0</truncated>
    <difficult>0</difficult>
    <bndbox>
      <xmin>83</xmin>
      <ymin>7</ymin>
      <xmax>186</xmax>
      <ymax>138</ymax>
    </bndbox>
  </object>
  <object>
    <name>Matt_Damon</name>
    <pose>Unspecified</pose>
    <truncated>0</truncated>
    <difficult>0</difficult>
    <bndbox>
      <xmin>76</xmin>
      <ymin>1</ymin>
      <xmax>185</xmax>
      <ymax>138</ymax>
    </bndbox>
  </object>
</annotation>
