<annotation>
  <folder>images</folder>
  <filename>000164.png</filename>
  <segmented>0</segmented>
  <size>
    <width>206</width>
    <height>244</height>
    <depth>3</depth>
  </size>
  <object>
    <name>Matt_Damon</name>
    <pose>Unspecified</pose>
    <truncated>0</truncated>
    <difficult>0</difficult>
    <bndbox>
      <xmin>41</xmin>
      <ymin>7</ymin>
      <xmax>135</xmax>
      <ymax>174</ymax>
    </bndbox>
  </object>
  <object>
    <name>Matt_Damon</name>
    <pose>Unspecified</pose>
    <truncated>0</truncated>
    <difficult>0</difficult>
    <bndbox>
      <xmin>41</xmin>
      <ymin>7</ymin>
      <xmax>135</xmax>
      <ymax>174</ymax>
    </bndbox>
  </object>
  <object>
    <name>Matt_Damon</name>
    <pose>Unspecified</pose>
    <truncated>0</truncated>
    <difficult>0</difficult>
    <bndbox>
      <xmin>41</xmin>
      <ymin>7</ymin>
      <xmax>135</xmax>
      <ymax>174</ymax>
    </bndbox>
  </object>
  <object>
    <name>Matt_Damon</name>
    <pose>Unspecified</pose>
    <truncated>0</truncated>
    <difficult>0</difficult>
    <bndbox>
      <xmin>41</xmin>
      <ymin>7</ymin>
      <xmax>135</xmax>
      <ymax>174</ymax>
    </bndbox>
  </object>
  <object>
    <name>Matt_Damon</name>
    <pose>Unspecified</pose>
    <truncated>0</truncated>
    <difficult>0</difficult>
    <bndbox>
      <xmin>41</xmin>
      <ymin>7</ymin>
      <xmax>164</xmax>
      <ymax>183</ymax>
    </bndbox>
  </object>
</annotation>
