<annotation>
  <folder>images</folder>
  <filename>000165.png</filename>
  <segmented>0</segmented>
  <size>
    <width>200</width>
    <height>252</height>
    <depth>3</depth>
  </size>
  <object>
    <name>Matt_Damon</name>
    <pose>Unspecified</pose>
    <truncated>0</truncated>
    <difficult>0</difficult>
    <bndbox>
      <xmin>37</xmin>
      <ymin>12</ymin>
      <xmax>73</xmax>
      <ymax>62</ymax>
    </bndbox>
  </object>
  <object>
    <name>Matt_Damon</name>
    <pose>Unspecified</pose>
    <truncated>0</truncated>
    <difficult>0</difficult>
    <bndbox>
      <xmin>37</xmin>
      <ymin>12</ymin>
      <xmax>73</xmax>
      <ymax>62</ymax>
    </bndbox>
  </object>
  <object>
    <name>Matt_Damon</name>
    <pose>Unspecified</pose>
    <truncated>0</truncated>
    <difficult>0</difficult>
    <bndbox>
      <xmin>37</xmin>
      <ymin>12</ymin>
      <xmax>167</xmax>
      <ymax>214</ymax>
    </bndbox>
  </object>
</annotation>
